id,category,complexity,question,expected_sql,expected_answer
1,User Demographics,Easy,How many total registered users are there in the platform?,SELECT COUNT(*) AS total_users FROM `bigquery-public-data.thelook_ecommerce.users`,100000
2,User Growth,Easy,How many users registered in the year 2023?,SELECT COUNT(*) AS users_2023 FROM `bigquery-public-data.thelook_ecommerce.users` WHERE EXTRACT(YEAR FROM created_at) = 2023,12713
3,Orders,Easy,How many total orders have been placed in total?,SELECT COUNT(*) AS total_orders FROM `bigquery-public-data.thelook_ecommerce.orders`,124968
4,Order Items,Easy,How many order items have a status of 'Cancelled'?,SELECT COUNT(*) AS cancelled_items FROM `bigquery-public-data.thelook_ecommerce.order_items` WHERE status = 'Cancelled',27820
5,Product Catalog,Easy,What is the total number of unique products in the catalog?,SELECT COUNT(DISTINCT id) AS total_products FROM `bigquery-public-data.thelook_ecommerce.products`,29120
6,Sales Revenue,Medium,What is the total net sales revenue from all non-cancelled and non-returned order items?,"SELECT ROUND(SUM(sale_price), 2) AS net_revenue FROM `bigquery-public-data.thelook_ecommerce.order_items` WHERE status NOT IN ('Cancelled', 'Returned')",8101776.09
7,Sales Revenue,Medium,What was the total net sales revenue generated in the year 2023?,"SELECT ROUND(SUM(sale_price), 2) AS revenue_2023 FROM `bigquery-public-data.thelook_ecommerce.order_items` WHERE status NOT IN ('Cancelled', 'Returned') AND EXTRACT(YEAR FROM created_at) = 2023",893042.53
8,Sales Revenue,Medium,What is the average sale price across all items sold (excluding cancelled and returned items)?,"SELECT ROUND(AVG(sale_price), 2) AS avg_sale_price FROM `bigquery-public-data.thelook_ecommerce.order_items` WHERE status NOT IN ('Cancelled', 'Returned')",59.61
9,Sales Revenue,Medium,What is the overall Average Order Value (AOV) for valid completed/shipped orders?,"SELECT ROUND(SUM(sale_price) / COUNT(DISTINCT order_id), 2) AS aov FROM `bigquery-public-data.thelook_ecommerce.order_items` WHERE status NOT IN ('Cancelled', 'Returned')",86.64
10,Sales Revenue,Medium,How much revenue was lost due to cancelled order items?,"SELECT ROUND(SUM(sale_price), 2) AS lost_revenue_cancelled FROM `bigquery-public-data.thelook_ecommerce.order_items` WHERE status = 'Cancelled'",1644261.72
11,Product Performance,Medium,How many order items were sold in the 'Jeans' category?,"SELECT COUNT(oi.id) AS jeans_sold FROM `bigquery-public-data.thelook_ecommerce.order_items` oi JOIN `bigquery-public-data.thelook_ecommerce.products` p ON oi.product_id = p.id WHERE p.category = 'Jeans' AND oi.status NOT IN ('Cancelled', 'Returned')",9701
12,Product Performance,Medium,What was the total net revenue generated by the 'Outerwear & Coats' category?,"SELECT ROUND(SUM(oi.sale_price), 2) AS outerwear_revenue FROM `bigquery-public-data.thelook_ecommerce.order_items` oi JOIN `bigquery-public-data.thelook_ecommerce.products` p ON oi.product_id = p.id WHERE p.category = 'Outerwear & Coats' AND oi.status NOT IN ('Cancelled', 'Returned')",992800.36
13,Product Performance,Medium,Which product category has generated the highest total net revenue?,"SELECT p.category FROM `bigquery-public-data.thelook_ecommerce.order_items` oi JOIN `bigquery-public-data.thelook_ecommerce.products` p ON oi.product_id = p.id WHERE oi.status NOT IN ('Cancelled', 'Returned') GROUP BY p.category ORDER BY SUM(oi.sale_price) DESC LIMIT 1",Outerwear & Coats
14,Brand Performance,Medium,What is the top-selling brand by number of units sold (excluding cancelled and returned)?,"SELECT p.brand FROM `bigquery-public-data.thelook_ecommerce.order_items` oi JOIN `bigquery-public-data.thelook_ecommerce.products` p ON oi.product_id = p.id WHERE oi.status NOT IN ('Cancelled', 'Returned') GROUP BY p.brand ORDER BY COUNT(oi.id) DESC LIMIT 1",Allegra K
15,Product Performance,Medium,How many sweaters were sold in 2023?,"SELECT COUNT(oi.id) AS sweaters_sold_2023 FROM `bigquery-public-data.thelook_ecommerce.order_items` oi JOIN `bigquery-public-data.thelook_ecommerce.products` p ON oi.product_id = p.id WHERE p.category = 'Sweaters' AND oi.status NOT IN ('Cancelled', 'Returned') AND EXTRACT(YEAR FROM oi.created_at) = 2023",927
16,Inventory,Easy,How many physical inventory items are currently in stock (unsold)?,SELECT COUNT(*) AS in_stock_count FROM `bigquery-public-data.thelook_ecommerce.inventory_items` WHERE sold_at IS NULL,308376
17,Inventory,Medium,What is the total cost of all unsold inventory currently in stock?,"SELECT ROUND(SUM(cost), 2) AS total_inventory_cost FROM `bigquery-public-data.thelook_ecommerce.inventory_items` WHERE sold_at IS NULL",8833744.68
18,Inventory,Medium,What is the potential retail value of all unsold inventory items in stock?,"SELECT ROUND(SUM(product_retail_price), 2) AS total_retail_value FROM `bigquery-public-data.thelook_ecommerce.inventory_items` WHERE sold_at IS NULL",18356286.69
19,Distribution Centers,Medium,How many total distribution centers are there in the system?,SELECT COUNT(*) AS total_distribution_centers FROM `bigquery-public-data.thelook_ecommerce.distribution_centers`,10
20,Inventory,Hard,Which distribution center name currently holds the largest number of unsold inventory items?,SELECT dc.name FROM `bigquery-public-data.thelook_ecommerce.inventory_items` ii JOIN `bigquery-public-data.thelook_ecommerce.distribution_centers` dc ON ii.product_distribution_center_id = dc.id WHERE ii.sold_at IS NULL GROUP BY dc.name ORDER BY COUNT(ii.id) DESC LIMIT 1,Chicago IL
21,Customer Analytics,Medium,Which country has the highest number of registered users?,SELECT country FROM `bigquery-public-data.thelook_ecommerce.users` GROUP BY country ORDER BY COUNT(*) DESC LIMIT 1,China
22,Customer Analytics,Medium,How many registered users acquired came from 'Search' traffic source?,SELECT COUNT(*) AS search_users FROM `bigquery-public-data.thelook_ecommerce.users` WHERE traffic_source = 'Search',70075
23,Order Operations,Hard,What is the overall order return rate percentage?,"SELECT ROUND(COUNTIF(status = 'Returned') * 100.0 / COUNT(*), 2) AS return_rate_pct FROM `bigquery-public-data.thelook_ecommerce.order_items`",9.94
24,Customer Analytics,Hard,What is the average age of female users who registered on the platform?,"SELECT ROUND(AVG(age), 2) AS avg_female_age FROM `bigquery-public-data.thelook_ecommerce.users` WHERE gender = 'F'",41.03
25,Customer Lifetime Value,Hard,What is the highest total amount spent by any single customer on valid orders?,"SELECT ROUND(SUM(sale_price), 2) AS max_customer_spend FROM `bigquery-public-data.thelook_ecommerce.order_items` WHERE status NOT IN ('Cancelled', 'Returned') GROUP BY user_id ORDER BY max_customer_spend DESC LIMIT 1",1559.85
